_Antwort-ID,Resume-Code,Start,Datum und Zeit,Teilnahmestatus,,"1. 1. Wie schätzen Sie den Geschäftsverlauf Ihres Unternehmens für die kommenden 6 Monate ein?,Entwicklung Geschäftsverlauf",2. 2. Erwarten Sie für 2013 gegenüber dem Vorjahr einen höheren Umsatz?,3. 3. Wie entwickelt sich der Mitarbeiterbestand Ihrer Unternehmung in den kommenden 6 Monaten?,4. 4. Bezüglich des wirtschaftlichen Umfelds: Welches sind die für Ihr Unternehmen grössten Herausforderungen für die kommenden 6 Monate?,5. 5. Plant Ihr Unternehmen in den nächsten 24 Monaten grössere Investitionen?,6. Allgemeine Bemerkungen können Sie hier angeben:,,8. Branche:,9. Anzahl Mitarbeitende:,10. Umsatz (fakultativ),11. Standortstadt /-gmeinde
4656189,5144a70,22.01.13 15:06,22.01.13 15:07,teilgenommen und beendet,,5,nein,Keine Veränderung,,nein,,,Baunebengewerbe,9,,Effretikon
4656191,8b28c19,22.01.13 15:06,22.01.13 15:09,teilgenommen und beendet,,5,ja,Keine Veränderung,"Konkurrenzdruck, Treibstoffpreise, Mitarbeiter mit guter / genügender Qualifikation",nein,,,Garten- Landschaftsbau,50,,8307 Effretikon
4656196,1ed9062,22.01.13 15:06,22.01.13 15:09,teilgenommen und beendet,,3,nein,Reduktion,Investionsbereitschaft der Unternehmen; Eurokurs; Ausländisch Konkurrenz; Dumpingpreise,nein,,,"Einrichtungen, Medientechnik, Architektur",35,,Winterthur
4656217,80bcf18,22.01.13 15:08,22.01.13 15:09,"teilgenommen, aber noch nicht beendet",,3,ja,Reduktion,Konsumentenstimmung,ja,,,,,,
4656224,cfa3741,22.01.13 15:08,22.01.13 15:14,teilgenommen und beendet,,6,ja,Zunahme,1) Wachstum bewältigen.; 2) Geeignete und bezahlbare neue Geschäftsräume finden.,ja,Umfang mit Verwaltung Winterthur/Stadtwerk ist sehr umtriebig und Zeitaufwendig.,,Bau/Immobilien,10,,Winterthur
4656234,62e08d0,22.01.13 15:09,22.01.13 15:10,"teilgenommen, aber noch nicht beendet",,4,ja,Keine Veränderung,- Kostendruck der Unternehmungen,nein,,,,,,
4656243,508ad17,22.01.13 15:10,22.01.13 15:11,teilgenommen und beendet,,3,nein,Keine Veränderung,,nein,,,,,,
4656277,831862a,22.01.13 15:13,22.01.13 15:14,teilgenommen und beendet,,6,ja,Keine Veränderung,,nein,,,Immobilien,3,,Winterthur
4656279,b33f814,22.01.13 15:13,22.01.13 15:15,teilgenommen und beendet,,6,ja,Zunahme,Gute Mitarbeiter zu rekrutieren.,nein,,,Personal- & Stellenvermittlung,7,5 Mio,Winterthur
4656281,23b8492,22.01.13 15:13,22.01.13 15:18,teilgenommen und beendet,,3,ja,Keine Veränderung,"1. Der EUR-Kurs ist wohl auch in Zukunft unsre Hauptherausforderung. Nicht nur beim Export, sondern auch im Heimmarkt (Anbieter aus dem Euroraum).; 2. Brauchen wir doch mehr Mitarbeiter, dann ist die Verfügbarkeit qualifizierter Mitarbeiter knapp",nein,,,Engineering,55,,Winterthur
4656290,4ce0fd4,22.01.13 15:13,22.01.13 15:14,teilgenommen und beendet,,5,ja,Zunahme,,ja,,,IT,5,,Winterthur
4656291,c17dd2b,22.01.13 15:13,22.01.13 15:14,teilgenommen und beendet,,5,nein,Keine Veränderung,,ja,,,,,,
4656298,5b03363,22.01.13 15:14,22.01.13 15:34,teilgenommen und beendet,,5,ja,Zunahme,,nein,,,Architektur,4,,Elgg
4656308,53a639a,22.01.13 15:15,22.01.13 15:16,teilgenommen und beendet,,5,ja,Zunahme,Für die kommenden 6 Monate keine ausserordentlichen Herausforderungen.,nein,keine,,Bauingenieurwesen,25,-,Winterthur
4656314,c72586d,22.01.13 15:15,22.01.13 15:17,teilgenommen und beendet,,5,ja,Zunahme,"Unsicherheiten Grichenland, Spanien, Frankreich, Italien",ja,,,Engineering für Drucktechnik,120 in der CH,1200 Mio US$ weltweit,Winterthur
4656323,5c6171d,22.01.13 15:16,22.01.13 15:22,teilgenommen und beendet,,4,ja,Keine Veränderung,Die positive Grundstimmung bei zu behalten.,nein,,,Detailhandel,3000,1.36 Mia.,Winterthur
4656326,075f61f,22.01.13 15:16,22.01.13 15:17,teilgenommen und beendet,,,ja,Keine Veränderung,Einkaufstourismus,nein,,,Detailhandel,6000,,
4656327,acc9608,22.01.13 15:16,22.01.13 15:17,teilgenommen und beendet,,,ja,Keine Veränderung,,nein,,,,,,
4656341,4814cf4,22.01.13 15:17,22.01.13 15:30,teilgenommen und beendet,,4,nein,Keine Veränderung,"Kunden behalten, Kunden gewinnen. Das heisst sich erklären können wenn rechts und links die Preise purzeln warum wir da nicht mitmachen dürfen.; Den Wert unserer Produkte und Dienstleistungen erklären.",ja,"Es wird immer schwieriger eine zeitgemässe Qualität anbieten zu können wenn die Preise immer mehr untergraben werden. Wir denken, dass das Arbeiten von Ausländern in der Schweiz wirklich eingeschränkt werden muss!",,Agentur / Werbetechnik,12,"1,5 Mio.",8408 Winterthur
4656360,b4dfd5b,22.01.13 15:18,22.01.13 15:21,teilgenommen und beendet,,7,nein,Keine Veränderung,Marketingplanung für unser 10 Jähriges Betriebsjubiläum,ja,,,Englisch für Kinder,10,,Winterthur und Rickenbach Sulz
4656363,5794b5b,22.01.13 15:18,22.01.13 15:19,teilgenommen und beendet,,4,ja,Keine Veränderung,Entwicklung Wohnungsmarkt und Arbeitslostenquote.,nein,,,Versicherungen,40,,Winterthur
4656366,e68d16d,22.01.13 15:18,22.01.13 15:20,teilgenommen und beendet,,4,ja,Keine Veränderung,Digitalisierung im Medienbereich,nein,,,Medien,80,8000000,Winterthur
4656376,88634bf,22.01.13 15:19,22.01.13 15:21,teilgenommen und beendet,,6,ja,Zunahme,Verkauf & Marketing - speziell Export - Zusammenarbeit mit Instituten resp. OSEC,ja,,,faserverstärkte Kundststoffe,,,Winterthur
4656378,ae8973d,22.01.13 15:19,22.01.13 15:20,teilgenommen und beendet,,4,nein,Reduktion,,nein,,,,,,
4656384,30fb5d6,22.01.13 15:20,22.01.13 15:23,teilgenommen und beendet,,5,nein,Keine Veränderung,- Mitbewerber aus anderen Reginen (Zürich); - Fachpersonal; - Termindruck,nein,,,Elektroinstallationen,Total mit Filialen 168,21 Mio,Winterthur
4656402,cc58698,22.01.13 15:21,22.01.13 15:22,"teilgenommen, aber noch nicht beendet",,5,ja,Keine Veränderung,,,,,,,,
4656428,c7a6b9b,22.01.13 15:24,22.01.13 15:26,teilgenommen und beendet,,4,ja,Keine Veränderung,- Allgemeine Wirtschaftsstimmung; - Vergabepraxis im öffentlichen Sektor,ja,,,Kommunikation / Werbung / Gestaltung,2,,Winterthur
4656432,dad3344,22.01.13 15:24,22.01.13 15:25,teilgenommen und beendet,,4,nein,Keine Veränderung,,nein,,,Garagengewerbe,20,11 Mio,Winterthur
4656437,719b6c3,22.01.13 15:24,22.01.13 15:26,teilgenommen und beendet,,7,nein,Keine Veränderung,,nein,,,Bodenbeläge,15,,Winterthur
4656438,c221707,22.01.13 15:24,22.01.13 15:26,teilgenommen und beendet,,5,nein,Keine Veränderung,,nein,,,Druckerei,3,600000.--,Winterthur
4656451,5e7ff21,22.01.13 15:25,22.01.13 15:27,teilgenommen und beendet,,5,nein,Keine Veränderung,keine,nein,,,Storen und Rollladen,,,
4656464,ee0a28d,22.01.13 15:26,22.01.13 15:29,teilgenommen und beendet,,5,nein,Reduktion,Gute Mitarbeiter zu finden!,nein,,,Malergeschäft,13,,Winterthur
4656473,78f65a7,22.01.13 15:26,22.01.13 15:28,teilgenommen und beendet,,4,nein,Keine Veränderung,"Starke Konkurrenz, kleine Margen",nein,,,Malergeschäft,19,,Winterthur
4656481,962c17b,22.01.13 15:27,22.01.13 15:29,teilgenommen und beendet,,4,nein,Keine Veränderung,Halten oder verbessern der Ertragszahlen bei anhaltend hohem Margendruck,nein,,,Bank,30,,Winterthur
4656500,0dd7e5b,22.01.13 15:29,22.01.13 15:31,teilgenommen und beendet,,3,nein,Reduktion,,nein,,,Augenoptik,5,,Winterthur
4656515,f3ba15f,22.01.13 15:30,22.01.13 15:32,teilgenommen und beendet,,6,ja,Zunahme,Genügend Ressourcen für Aufträge,ja,,,,,,
4656543,df39eee,22.01.13 15:32,22.01.13 15:34,teilgenommen und beendet,,4,ja,Keine Veränderung,Sparmassnahmen bei Kunden; Kostendruck,nein,,,Rechtsdienstleistungen,16,,Winterthur
4656545,4b430cb,22.01.13 15:33,22.01.13 15:38,teilgenommen und beendet,,4,nein,Keine Veränderung,"- Produktion: Hohe Flexibilität bei tiefen Preisen und immer kürzer werdenden Terminen.; - Ausbildung: Bereitschaft in die Ausbildung von Lernenden zu investieren - trotz schwierigem wirtschaftlichem Umfeld. Demografie / Kampf um ""gute"" Schüler.",ja,,,Ausbildung / Produktion,55 Mitarbeitende / 400 Lernende,16000000,Winterthur
4656554,237bedc,22.01.13 15:34,22.01.13 15:37,teilgenommen und beendet,,5,nein,Keine Veränderung,Wetter und Preisentwiklung,nein,,,Baugeschäft Hoch + Tiefbau,35,,Pfungen
4656593,ff02d55,22.01.13 15:37,22.01.13 15:38,teilgenommen und beendet,,3,nein,Keine Veränderung,,nein,,,,,,
4656651,36c53f5,22.01.13 15:41,22.01.13 15:45,teilgenommen und beendet,,4,nein,Keine Veränderung,- Kunden mit Exportaktivitäten bleiben schwach wegen des starken Frankens; ; - Industriekunden wandern ins Ausland ab. Damit verlieren wir Kunden.,nein,,,Industrie (Maschinenundustrie),52,15'000 TCHF,Effretikon
4656675,20b3923,22.01.13 15:43,22.01.13 15:49,teilgenommen und beendet,,4,ja,Keine Veränderung,"Der Einkauf ist im Umbruch!; Es liegt immer weniger drin, Produkte die nicht im Land hergestellt werden über einen Importeuren zu kaufen.; ; Ausländische Kunden wollen anders behandelt werden als der Schweizer, dieser Trend ist anhaltend.; ; Eine weitere Herausfoderung ist, dass mehr Eigentumswohnungen gebaut werden als Häuser, der Hausbesitzer ist eher mein Kunde als der Wohnungsbesetzer.; ; Energiepreis, die Energie ist nach wie vor zu billig, völlig egal welche.",nein,"Jeder Kämpft, Kosten so tief wie möglich halten, akquirieren, akquirieren, akquirieren",,Erneuerbare Energie / Ofen und Cheminéebau,'1-2,380 000 -,Winterberg / Lindau
4656759,be338a3,22.01.13 15:49,22.01.13 15:51,teilgenommen und beendet,,6,nein,Keine Veränderung,,nein,,,,,,
4656791,93ca205,22.01.13 15:52,22.01.13 15:55,teilgenommen und beendet,,4,ja,Zunahme,"eigene Struktur verändern, Rationalisieren, staatliche Leitplanken ausloten",nein,,,Gesundheit,165,11 Mio,"Elsau, Elgg"
4656804,d18dbf0,22.01.13 15:53,22.01.13 15:55,teilgenommen und beendet,,4,nein,Keine Veränderung,Umsatzziele zu erreichen und trotz Preiskampf gute Zahlen zu bringen.,ja,,,Sicherheît,150,,Illnau
4656912,26fcd6b,22.01.13 16:02,22.01.13 16:04,teilgenommen und beendet,,6,ja,Zunahme,Preisdruck Mitbwerber,nein,,,Dienstleistung,70,,Winterthur
4656914,ad831f4,22.01.13 16:02,22.01.13 16:03,teilgenommen und beendet,,6,ja,Zunahme,Auftragsmanagement aufgrund gestiegener Nachfrage,nein,,,Sanitär,7,,Illnau-Effretikon
4656921,eef2a64,22.01.13 16:03,22.01.13 16:07,teilgenommen und beendet,,,ja,Zunahme,"Personalsituation, gutes qualifizierte Personal zu finden",ja,,,Sicherheitsunternehmen,35,,Dietikon / Winterthur
4656933,58ccf2e,22.01.13 16:03,22.01.13 16:05,teilgenommen und beendet,,,nein,Keine Veränderung,,nein,,,Architektur,2,,Winterthur
4657007,ae6e1da,22.01.13 16:08,22.01.13 16:10,teilgenommen und beendet,,4,nein,Keine Veränderung,,nein,,,Gastronomie,20,,Effretikon
4657015,20cc6b2,22.01.13 16:09,22.01.13 16:11,teilgenommen und beendet,,6,nein,Keine Veränderung,,nein,,,Elektro- und Telefon,6,,Winterthur
4657063,55bda3e,22.01.13 16:14,22.01.13 16:15,teilgenommen und beendet,,5,ja,Reduktion,Kosten,nein,,,,,,
4657070,ec62bbf,22.01.13 16:15,22.01.13 16:21,teilgenommen und beendet,,5,nein,Keine Veränderung,Kurzfristigkeit in der Planung der Gäste; Kürzung der Reisebudgets; Umbau der Hotelzimmer während laufendem Betrieb,ja,,,Hotellerie,48,,Winterthur
4657085,4d5272f,22.01.13 16:16,22.01.13 16:20,teilgenommen und beendet,,5,ja,Keine Veränderung,Währungsentwicklung Euro / US$; wirtschaftliche Demographie (Zu-/Abwanderung von Produktionsunternehmen); fiskalpolitische Auflagen,ja,,,Handel mit Rohstoffen und Spezialiäten,10,,Oberohringen
4657125,a097846,22.01.13 16:19,22.01.13 16:20,teilgenommen und beendet,,5,nein,Keine Veränderung,- nachhaltige Kundenbindung und Neukundenakquisition,nein,,,Messe- und Eventveranstalter,8,"5,2 Mio",Winterthur
4657282,49d28ad,22.01.13 16:30,22.01.13 16:33,teilgenommen und beendet,,4,nein,Keine Veränderung,Eindringen von nicht Fachbetrieben in unsere Tätigkeiten und Sozialinstitution mit Fördergeldern,nein,,,Gartenbau,6,,Winterthur
4657293,30adabb,22.01.13 16:31,22.01.13 17:14,teilgenommen und beendet,,4,nein,Zunahme,"Der Preiskampf wird immer härter, wir beklagen sinkende Margen. Der Druck ausländischer Bewerber wird immer stärker.",ja,,,Büroeinrichtungen,11,,Winterthur/Zürich
4657330,0c76801,22.01.13 16:33,22.01.13 16:36,"teilgenommen, aber noch nicht beendet",,5,nein,Keine Veränderung,Rasch auf Veränderungen reagieren können.; Leistungen ausbauen.,ja,"Bei Bauprojekten rasche Entscheide von der Verwaltung erhalten. Baugesuche im Anzeigeverfahren dauern länger als die ""versprochenen 30 Tage"".",,,,,
4657377,5eb5079,22.01.13 16:37,22.01.13 16:39,teilgenommen und beendet,,3,nein,Reduktion,Qaulität; Konkurrenz aus dem AUsland,ja,Neubau Büro,,Bau,10,2 Mio,Winterthur
4657386,aec7f0e,22.01.13 16:37,22.01.13 16:41,teilgenommen und beendet,,6,ja,Keine Veränderung,Gutes qualifiziertes Personal zu finden.,nein,,,Haustechnik,40,,Winterthur
4657474,f370c06,22.01.13 16:44,22.01.13 16:45,teilgenommen und beendet,,3,nein,Keine Veränderung,"Preisdruck, Arbeitsvolumen",ja,,,,,,
4657497,9569c6d,22.01.13 16:46,22.01.13 16:50,teilgenommen und beendet,,5,nein,Keine Veränderung,"Wir sind in der Immobilienbranche tätig bzw. Eigentümerin der Liegenschaft St.Gallerstr. 106/108 in Winterthur und haben ausser der Verwaltungstätigkeit keine andere Tätigkeit. ; ; Unser Ziel ist es, die bestehenden Mietverträge weiterführen zu können.",ja,,,Immobilien,5,,Winterthur (Sitz in Zürich)
4657555,3dbc0c2,22.01.13 16:50,22.01.13 16:51,teilgenommen und beendet,,4,ja,Keine Veränderung,,nein,,,Architektur,27,-4000000,Winterthur
4657579,adb0fce,22.01.13 16:52,22.01.13 16:55,teilgenommen und beendet,,4,ja,Keine Veränderung,"Solidarhaftung,; Ausländische Konkurenz",ja,,,Bau,250,70 Mil.,Seuzach
4657693,08b2b5c,22.01.13 16:59,22.01.13 17:05,teilgenommen und beendet,,4,nein,Keine Veränderung,"Energiepreise; Verkehrsbehinderungen; Parkplatzsituation; Formularbewirtschaftung, Bewilligungen, (Papierkrieg )",nein,,,hasutechnik,10,-,Winterthur
4657706,da11af2,22.01.13 17:00,22.01.13 17:02,teilgenommen und beendet,,5,nein,Keine Veränderung,,nein,,,Malergeschäft,'2.5,500000,Winterthur
4657729,14dd944,22.01.13 17:02,22.01.13 17:04,teilgenommen und beendet,,5,ja,Keine Veränderung,Ich finde keine qualifizierte Mitarbeiter,nein,,,Haustechnikplanung,1,,ELGG
4657736,1ebb2c4,22.01.13 17:02,22.01.13 17:04,teilgenommen und beendet,,,nein,Keine Veränderung,Privat Verkauf fördern,ja,Neubau kosten ca. 3.5MIO,,Insektenschutzgitter Lichtschachtabdeckungen,14,,Ellikon an der Thur
4657790,660e09f,22.01.13 17:06,22.01.13 17:09,teilgenommen und beendet,,5,ja,Zunahme,- Unsichere Wirtschaftslage,nein,,,Handel,60 (FTE's),22 mio,Seuzach (Ohringen)
4657835,df297cb,22.01.13 17:10,22.01.13 17:12,teilgenommen und beendet,,4,nein,Keine Veränderung,,nein,,,Hotel / Gastronomie,8,,8353 Elgg
4657863,a244a71,22.01.13 17:13,22.01.13 17:21,teilgenommen und beendet,,4,nein,Reduktion,"Dass die verheerende Preispolitik endlich ein Ende hat. Dass wieder vermehrt auf Qualität und das Ausbilden von Lehrlingen geachtet wird.; Ansonsten sieht unsere Zukunft nicht sehr rosig aus. Wir sind ein Familienbetrieb, der seit über 100 Jahren in Veltheim tätig ist, wenn es aber so weiter gehen sollte, sehen wir nur noch SCHWARZ.",nein,Keine,,Malergeschäft,24,,Veltheim
4657889,e0666f7,22.01.13 17:14,22.01.13 17:16,teilgenommen und beendet,,4,ja,Keine Veränderung,Räume vermieten,nein,,,Dienstleistungen,15,,Winterthur
4657895,507f46a,22.01.13 17:15,22.01.13 17:16,"teilgenommen, aber noch nicht beendet",,4,ja,Zunahme,,,,,,,,
4657910,5ea580c,22.01.13 17:16,22.01.13 17:18,teilgenommen und beendet,,5,ja,Zunahme,"- Währung; - Ausländische Anbieter, die in den Schweizer Markt drängen",ja,,,Dienstleistung / Service,160,60 Mio,Winterthur
4658019,261a343,22.01.13 17:25,22.01.13 17:28,teilgenommen und beendet,,3,nein,Reduktion,Die Frequenzen anzukurbeln,nein,,,,5,,Winterthur
4658221,26ed9ff,22.01.13 17:38,22.01.13 17:42,teilgenommen und beendet,,5,nein,Keine Veränderung,- zuverlässige Mitarbeiter halten oder anstellen,ja,,,Gartenbau,40,5'000'000.- Fr.,Zell
4658296,d5e493c,22.01.13 17:44,22.01.13 17:51,teilgenommen und beendet,,4,ja,Keine Veränderung,Liquiditäserhaltung,nein,,,Recycling / Entsorgung / Auto,12,,8545 Rickenbach Sulz
4658302,de5449c,22.01.13 17:44,22.01.13 17:48,teilgenommen und beendet,,6,nein,Keine Veränderung,Kapazität für erledigung der Aufträge,ja,,,Bauingenieure,"8 MA, 1 Prakt., 2 Azubi",,Winterhtur
4658355,4ab5286,22.01.13 17:48,22.01.13 17:50,teilgenommen und beendet,,4,ja,Keine Veränderung,Konkurrenz; Preisdruck,nein,,,Versicherungsbroker,9,,Winterthur
4658515,6fc664c,22.01.13 18:02,22.01.13 18:02,"teilgenommen, aber noch nicht beendet",,3,nein,Reduktion,,nein,,,,,,
4658531,5ed5337,22.01.13 18:03,22.01.13 18:05,teilgenommen und beendet,,5,ja,Keine Veränderung,Dass Veranstalter ihre Events bei uns durchführen.,ja,,,Dienstleistungen,3,,
4658548,5bea5f4,22.01.13 18:04,22.01.13 18:06,teilgenommen und beendet,,5,ja,Keine Veränderung,Konkurrenzdruck auf Preisen und Margen.,nein,"Wir haben einige grössere Neukunden gewinnen können, deshalb erwarten wir trotz stagnierendem Markt höhere Umsätze.",,Transport/Umzug/Relocation,28,ca. CHF 9 Mio.,Effretikon
4658592,a072b88,22.01.13 18:07,22.01.13 18:10,teilgenommen und beendet,,3,nein,Keine Veränderung,Werde Ende Feb. pensioniert.,nein,,,Gärtnerei,2,,Elgg
4658694,c773ec1,22.01.13 18:14,22.01.13 18:17,teilgenommen und beendet,,3,ja,Keine Veränderung,- Preisdruck unserer Key-Accounts; - Folgen eines Kundentreueprogramms in einem unserer wichtigsten Märkte; - Währungen; - Konsumverhalten unserer Kunden,ja,,,Metallverarbeitung und Handel mit Kochgeschirr und Küchengeräten,170,,Rikon
4658731,d3c7230,22.01.13 18:16,22.01.13 18:21,teilgenommen und beendet,,4,nein,Keine Veränderung,"- Auswirkungen der Weltwirtschaft auf die lokaleen Kunden (kommerzielle und private), z.B. Entwicklung Privatkonsum, Immobilienmarkt; - Auswirkungen der rasch zunehmenden Regulierung auf unsere Arbeitsprozesse; - Tiefzinsniveau; - u.a.",nein,,,,,,
4658734,38b436d,22.01.13 18:17,22.01.13 18:18,teilgenommen und beendet,,4,nein,Keine Veränderung,- Ausbau Exportgeschäft; - Neukundengewinnung im Gastroumfeld,ja,,,,140,56 Mio. CHF,Winterthur
4658763,57cebcf,22.01.13 18:19,22.01.13 18:26,teilgenommen und beendet,,7,nein,Keine Veränderung,genügend kostendeckende aufträge zu generieren,nein,,,innenausbau,3,,elgg
4658846,4ab2baa,22.01.13 18:25,22.01.13 18:25,teilgenommen und beendet,,5,nein,Keine Veränderung,,nein,,,Bau,2,,Elgg
4659006,a46e53e,22.01.13 18:34,22.01.13 18:36,teilgenommen und beendet,,6,ja,Keine Veränderung,,nein,,,Heizung Sanitär,1,,8545
4659292,f671bec,22.01.13 18:53,22.01.13 18:54,teilgenommen und beendet,,3,nein,Keine Veränderung,,nein,,,,,,
4659412,6bc8c6a,22.01.13 19:01,22.01.13 19:03,teilgenommen und beendet,,5,ja,Zunahme,,ja,Ausbauinvestitionen eines neuen Betriebsstandortes in Winterthur,,Druckereitechnologie,120,,Winterthur
4660696,f45224c,22.01.13 20:32,22.01.13 20:32,"teilgenommen, aber noch nicht beendet",,4,ja,Keine Veränderung,,,,,,,,
4660893,5ef3c8d,22.01.13 20:51,22.01.13 20:57,teilgenommen und beendet,,6,ja,Keine Veränderung,Auch kurzfristige Anfragen innerhalb der gewünschten Termine erledigen zu können.,nein,Grosse Nachfrage nach qualitativ hochwertigen Dienstleistungen.,,Architektur- und Planungsbüro,5,,Zell ZH
4660914,c7ed971,22.01.13 20:52,22.01.13 20:57,teilgenommen und beendet,,3,nein,Keine Veränderung,Der Eurokurs zwingt unser Unternehmen zu ständigen Rationalisierungen und Ablaufverbesserungen. Die Unsicherheit in der Auftragslage zwingt uns zu vorsichtigem Handeln und Investitionen mit schnellen pay back. Alle anderen Investitionen werden nicht engagiert.,nein,,,Blechbearbeitung,50,'9.3,Fischenthal
4661752,f3d1cf1,22.01.13 22:25,22.01.13 22:27,teilgenommen und beendet,,2,nein,Keine Veränderung,,nein,,,Detailhandel,3,,
4661778,f86ad65,22.01.13 22:28,22.01.13 22:31,"teilgenommen, aber noch nicht beendet",,4,ja,Keine Veränderung,Wirtschaftliche Flaute im Euroraum und ensprechende Auswirkungen auf den Werkplatz Schweiz.,nein,,,Maschinenbau,,,
4661889,2fc2817,22.01.13 22:45,22.01.13 22:53,teilgenommen und beendet,,,ja,Zunahme,"Rentabilität verbessern durch Prozessoptimierungen und Kostenreduktion, Rekrutierung von Fachkräften, Innovationen erfolgreich im Markt umsetzen.",nein,Bitte keine zusätzlichen Behinderungen oder Vorschriften. Die Politik muss die Rahmenbedingungen verbessern und die Wirtschaft wird das mit höheren Steuerabgaben belohnen! Der Wirtschaftststandort Schweiz ist definitiv unter Druck.,,,,,
4662960,b060588,23.01.13 05:50,23.01.13 05:51,"teilgenommen, aber noch nicht beendet",,3,ja,Reduktion,,nein,,,,,,
4663003,b24255b,23.01.13 06:32,23.01.13 06:36,teilgenommen und beendet,,4,nein,Reduktion,Immer mehr Billigprodukte aus Ausland,nein,"Immer schlechtere Infrastruktur - Parkplätze usw.; Politik redet dauernd über Erhalt von Arbeitsplätzen, tut aber nichts (oder kauft im Ausland - s. Fensterersatz am Bundeshaus)",,Fensterbau,10,,Winterthur
4663020,c78a888,23.01.13 06:46,23.01.13 06:50,teilgenommen und beendet,,4,nein,Keine Veränderung,Preisdruck; Rekrutierung qualifizierter Mitarbeiter,ja,,,Gartenbau,40,7.5 Mio,Winterthur
4663027,2d04b23,23.01.13 06:51,23.01.13 07:51,teilgenommen und beendet,,5,ja,Keine Veränderung,Preisdruck,nein,,,Gartengestaltung,5,,Seuzach
4663028,d48f92b,23.01.13 06:52,23.01.13 06:54,teilgenommen und beendet,,5,nein,Keine Veränderung,,nein,,,Bau,18,,Winterthur
4663065,7c0a8fa,23.01.13 07:16,23.01.13 07:18,teilgenommen und beendet,,6,nein,Keine Veränderung,,ja,,,Bau: Bedachungen,33,ca. 9`500`000.-,8405 Winterthur
4663071,1c86b48,23.01.13 07:19,23.01.13 07:22,teilgenommen und beendet,,5,ja,Zunahme,- Bewältigung des Tagesgeschäfts (hohe Auslastung); - Steigerung Liefertreue,nein,,,Maschinenbau/Industrie,500 (CH),,Winterthur
4663074,35a9c8a,23.01.13 07:19,23.01.13 07:22,teilgenommen und beendet,,3,nein,Keine Veränderung,Parkplatzsituation; Verkehr; Gesetzgebung,nein,,,,,,Winterthur
4663145,7c364fc,23.01.13 07:47,23.01.13 07:50,teilgenommen und beendet,,5,nein,Keine Veränderung,Verkaufspreis etwas erhöhen; Genügend Aufträge zu erhalten,nein,,,Bau,9,1'800'000.--,Winterthur
4663152,75a1295,23.01.13 07:50,23.01.13 07:55,teilgenommen und beendet,,6,ja,Keine Veränderung,Nachfrage nach qualitativ hochwertigen Aufträgen innert nützlicher Fristen zu erledigen,nein,"Die Baulandverknappung und dadurch der Ruf nach verdichteten, energiebewusstem Bauen, generieren viele spannende Aufträge für die nächsten Jahre.",,Architektur- und Planungsbüro,5,,Zell ZH
4663158,1b41238,23.01.13 07:52,23.01.13 07:53,teilgenommen und beendet,,5,ja,Zunahme,,nein,,,Haustechnik,15,,Winterthur
4663193,9c712f5,23.01.13 08:02,23.01.13 08:08,teilgenommen und beendet,,5,nein,Keine Veränderung,arbeits beschaffung; gutes arbeitspersonal finden; Gute Lehrlinge finden,nein,der stadt drot ein verkehrskollaps ----- >winterthur umfahrung,,Bauspengler,3.5 und 2 Lehrlinge,'500.000,räterschen
4663194,48e429e,23.01.13 08:04,23.01.13 08:05,"teilgenommen, aber noch nicht beendet",,4,ja,Keine Veränderung,,nein,,,,,,
4663245,0af34ac,23.01.13 08:17,23.01.13 08:18,teilgenommen und beendet,,5,nein,Keine Veränderung,,nein,,,Weinhandel,2,,Neftenbach
4663247,255d487,23.01.13 08:17,23.01.13 08:18,teilgenommen und beendet,,5,nein,Keine Veränderung,,nein,,,,,,
4663312,7a07c29,23.01.13 08:31,23.01.13 08:32,teilgenommen und beendet,,6,ja,Zunahme,,ja,,,Google Mitarbeiter,11,1 Mio,Winterthur
4663338,f16d0a9,23.01.13 08:33,23.01.13 08:35,teilgenommen und beendet,,3,nein,Keine Veränderung,,nein,,,Schmuck,5,,winterthur
4663401,9b21dd2,23.01.13 08:42,23.01.13 08:45,teilgenommen und beendet,,3,nein,Reduktion,Reorganisation und anpassen an die neuen Medien.,nein,,,"Werbemittel, Druck, Textil",5,500000,Elgg
4663424,3470bda,23.01.13 08:47,23.01.13 08:50,teilgenommen und beendet,,3,nein,Reduktion,Energiekosten,nein,,,Gärtnerei,20,,8426 Lufingen
4663433,222ddb8,23.01.13 08:48,23.01.13 08:50,teilgenommen und beendet,,4,ja,Zunahme,,nein,,,Personalverleih/-vermittlung,3,,Winterthur
4663439,b7418dd,23.01.13 08:49,23.01.13 08:51,teilgenommen und beendet,,4,ja,Keine Veränderung,"Konjunkturentwicklung in der Industrie, Exporte Maschinenindustrie, Wechselkursentwicklung CHF-EUR",nein,,,Elektrotechnik,84,,Lindau
4663457,109df3b,23.01.13 08:52,23.01.13 08:53,"teilgenommen, aber noch nicht beendet",,4,ja,Keine Veränderung,,,,,,,,
4663463,6a5ae0b,23.01.13 08:53,23.01.13 08:54,teilgenommen und beendet,,5,ja,Keine Veränderung,Beschaffung der notwendigen Liquidität für eine Ausweitung des Umsatzes.,nein,,,Factoring,5,,Effretikon
4663546,5c98499,23.01.13 09:08,23.01.13 09:11,teilgenommen und beendet,,7,ja,Keine Veränderung,Die Mitbewerber im Verdrängungsmarkt,nein,,,,,,
4663557,fbc136c,23.01.13 09:11,23.01.13 09:12,teilgenommen und beendet,,5,nein,Keine Veränderung,Neukundengewinnung - vor allem ausserhalb Winterthur,ja,,,,,,
4663581,703dea2,23.01.13 09:15,23.01.13 09:16,teilgenommen und beendet,,3,nein,Reduktion,,nein,,,Drogerie,7,,Effretikon
4663667,728b0c2,23.01.13 09:27,23.01.13 09:28,teilgenommen und beendet,,4,nein,Keine Veränderung,Preiskdruck,nein,,,Reisebüro,6,,Winterthur
4663716,b9c00f9,23.01.13 09:33,23.01.13 09:42,teilgenommen und beendet,,4,nein,Keine Veränderung,"Grösste Herausforderung ist bei gleicher Arbeit gleichen Aufwand die Preisstruktur beibehalten. Mehr machen als die anderen und die Serviceleistungen mindestens auf gleichem Niveau behalten, sowie nach unseren üblichen und gewohnten Kundenansprüchen. Kundenbetreuung verstärken und auch pflegen in engen zeitlichen Freiräumen.",nein,,,Messebau,14,,Tagelswangen
4663744,5352a4b,23.01.13 09:37,23.01.13 09:38,"teilgenommen, aber noch nicht beendet",,4,ja,Zunahme,,ja,,,,,,
4663830,5f45659,23.01.13 09:54,23.01.13 09:57,teilgenommen und beendet,,,ja,Keine Veränderung,"Meine Lage ist nicht sehr gut ich bin etwas versteckt, ich erhoffe mir dass die Stadt Winterthur, mehr offen wird was die Firmenwerbung anbelangt",nein,,,"Goldschmied, Silberschmuck",1,,Winterthur
4663852,f580ace,23.01.13 10:00,23.01.13 10:03,teilgenommen und beendet,,5,nein,Zunahme,"- Politische Entscheide im Zusmmenhang Schlüsselprojekte Verkehr, Kultur etc.; - Stadtfinanzen",ja,,,Baudienstleister,6'400 Total / davon 12 in Winterthur,,8400 Winterthur
4664057,067ec87,23.01.13 10:19,23.01.13 10:22,teilgenommen und beendet,,4,nein,Keine Veränderung,,nein,,,Bau / Bauabdichtungen,12,2.5 mio,Illnau-Effretikon
4664915,d21f2a7,23.01.13 11:53,23.01.13 11:56,teilgenommen und beendet,,5,nein,Keine Veränderung,Bewältigung der Aufträge vor allem im Frühjahr und auch den Rest des Jahres auslasten.,nein,,,Gartenbau,4,,Wiesendangen
4664946,1188dd2,23.01.13 11:56,23.01.13 11:59,teilgenommen und beendet,,5,nein,Keine Veränderung,Stabiler Euro,nein,,,Handel,8,3000000,Winterthur 8411
4665284,6448a67,23.01.13 12:36,23.01.13 12:40,teilgenommen und beendet,,4,nein,Keine Veränderung,Margendruck; ; Verdrängungskampf; ; Optimale Auslastung erreichen,ja,,,Dienstleistungen,200,45 Mio,winterthur
4665314,a0e498f,23.01.13 12:40,23.01.13 12:44,teilgenommen und beendet,,5,ja,Zunahme,. Rekrutierung von gutem Fachpersonal; . Preiskampf in der Baubranche,ja,,,Baubranche Heizung Lüftung Kälte,35,14 Mio,"Winterthur, St. Gallen, Luzern"
4665652,3fea80d,23.01.13 13:18,23.01.13 13:20,teilgenommen und beendet,,4,ja,Keine Veränderung,Integrierung einer aqkuirierten Unternehmung.; Technologieshift,nein,,,Beleuchtungstechnik,65,,Töss/Bern-Belp
4666405,74a2bbe,23.01.13 14:17,23.01.13 14:21,teilgenommen und beendet,,4,ja,Keine Veränderung,"Wirtschaftswachstum in China und in Brasilien; Wechselkursparitäten des CHF mit den wichtigsten Geschäftswährungen (Euro, USD, GBP).",nein,,,Metallverarbeitende Industrie,18000,ca. 4 Mrd. CHF,Winterthur
4666942,e95aa76,23.01.13 14:48,23.01.13 14:49,"teilgenommen, aber noch nicht beendet",,5,,Keine Veränderung,,,,,,,,
4667138,8379d03,23.01.13 15:02,23.01.13 15:12,teilgenommen und beendet,,5,ja,Keine Veränderung,Einkaufstourismus,ja,,,Detailhandel,knapp 9000,"ca. 2,3 Mrd. CHF",Gossau SG
4667170,0f14799,23.01.13 15:04,23.01.13 15:07,teilgenommen und beendet,,5,nein,Keine Veränderung,"Personal finden, damit die Abgänge ersetzt werden können",ja,,,Elektroinstallationen,20,,Neftenbach
4668295,8bb566c,23.01.13 16:18,23.01.13 16:19,"teilgenommen, aber noch nicht beendet",,5,ja,Keine Veränderung,,nein,,,,,,
4668946,5ae1b96,23.01.13 17:01,23.01.13 17:03,teilgenommen und beendet,,4,nein,Keine Veränderung,Qualifiziertes Personal finden (limitierender Faktor bei Geschäftsentwicklung)!,nein,,,"Treuhand, Steuerberatung",8,,Winterthur
4668985,482d28e,23.01.13 17:03,23.01.13 17:07,teilgenommen und beendet,,5,ja,Zunahme,Geeignetes Personal finden,nein,,,Dienstleistung,146,,Winterthur
4670192,bcfd211,23.01.13 18:36,23.01.13 18:37,teilgenommen und beendet,,4,ja,Zunahme,,nein,,,gastgewerbe,18,,winterthur wülflingen
4670561,b00ab5a,23.01.13 19:01,23.01.13 19:04,teilgenommen und beendet,,3,nein,Keine Veränderung,Einen neuen Auftraggeber zu finden (Zahnarzt).,nein,,,Zahntechnisches Labor,1 Frau Betrieb,,8353 Elgg
4675064,7e4ab24,24.01.13 07:14,24.01.13 07:15,"teilgenommen, aber noch nicht beendet",,7,nein,Keine Veränderung,,,,,,,,
4675286,6b7312b,24.01.13 08:23,24.01.13 08:25,"teilgenommen, aber noch nicht beendet",,5,nein,Keine Veränderung,Preisdruck,nein,,,,,,
4676867,9edea9b,24.01.13 11:28,24.01.13 11:29,"teilgenommen, aber noch nicht beendet",,4,ja,Keine Veränderung,,nein,,,,,,
4677305,d1ed963,24.01.13 11:57,24.01.13 12:03,teilgenommen und beendet,,4,ja,Keine Veränderung,überbordende Vorschriften / Abgaben Strassenverkehr ; Bürokratismus in diversen Ämtern,ja,,,Umzug / Transport,6,,Lindau ZH
4677438,5b9aebc,24.01.13 12:07,24.01.13 12:08,"teilgenommen, aber noch nicht beendet",,5,ja,Keine Veränderung,,,,,,,,
4677567,12639ef,24.01.13 12:18,24.01.13 12:22,teilgenommen und beendet,,5,nein,Keine Veränderung,"- Gute Mitarbeiter halten; - Vorteile des Arbeitsort Winterthur gegenüber Arbeitsort Zürich erhalten (Parkplatzverordnung, gute Zugänglichkeit aus dem Weinland und Ostschweiz); - Verkehrsbelastung Nordumfahrung Zürich; - Plötzlicher starker Baukonjunktureinbruch wegen Überhitzung",nein,,,Bauzulieferer,300,,Winterthur
4678184,79bdf38,24.01.13 12:58,24.01.13 13:02,teilgenommen und beendet,,5,ja,Keine Veränderung,Preisentwicklung/-druck; Entwicklung Industriebetriebe/Export,ja,"Rasche Entscheidungswege innerhalb der Verwaltung sind notwendig, dass Bau- und Expansionprojekte rasch realisiert werden können. Das sich rasch verändernde Umfeld zwingt die Unternehmer auch rasch reagieren zu können. Politik und Verwaltung sind diesbzüglich zu träge.",,Detailhandel,210 ganze Gruppe / 130 Standorte Winterthur,ca 60 Mio,Winterthur
4679304,bf75b45,24.01.13 14:22,24.01.13 14:23,teilgenommen und beendet,,3,nein,Reduktion,"Eurosituation, Abwandern der Aufträge nach Deutschland",nein,,,Grafische Branche,140 (Druck),,Winterthur
4679584,708a076,24.01.13 14:34,24.01.13 14:35,"teilgenommen, aber noch nicht beendet",,5,nein,Keine Veränderung,,nein,,,,,,
4680803,27d247a,24.01.13 15:34,24.01.13 15:35,teilgenommen und beendet,,4,nein,Keine Veränderung,,nein,,,Elektroinstallation,3,,Winterthur
4682060,6ab3c7d,24.01.13 16:39,24.01.13 17:08,teilgenommen und beendet,,4,ja,Keine Veränderung,Margendruck / Preiskampf,nein,,,Laden- und Innenausbau,140,,Illnau-Effretikon
4682861,8aabbbd,24.01.13 17:21,24.01.13 17:33,teilgenommen und beendet,,3,nein,Zunahme,Stagnierender bis schrumpfender Markt in der Schweiz.; Starke Konkurrenz in Westeuropa.,nein,,,Umwelt (Wasser und Abwasser),41,ca. 30 Mio,Winterhur
4682891,e6c5bf4,24.01.13 17:22,24.01.13 17:26,teilgenommen und beendet,,5,nein,Keine Veränderung,Dass die Börse wieder stärker wird und unsere Kunden das Geld wieder dort vernichten.....,nein,,,Haustechnik,3,ca. 750000.-,8352 Elsau
4683149,8bdfc8b,24.01.13 17:35,24.01.13 17:37,teilgenommen und beendet,,4,nein,Keine Veränderung,Umsatzwachstum; Mitarbeiterrekrutierung,nein,,,"Treuhand, Steuern, Revision",2,400000,Winterthur
4688956,5b70a69,25.01.13 08:19,25.01.13 08:22,teilgenommen und beendet,,6,ja,Zunahme,Internetkonkurrenz (Online-Shops); Neue und zusätzliche Mitarbeiter/-innen einbinden und Fachwissen rund um die Wandbeläge nahe bringen,nein,,,"Handel mit Tapeten, Wandbelägen, Vorhangsystemen und englischen Farben",7,"3,2 Mio.",Winterthur
4689217,b05ded1,25.01.13 08:47,25.01.13 08:50,teilgenommen und beendet,,4,ja,Keine Veränderung,Tiefe Margen,ja,,,Bauhauptgewerbe,300,,
4690622,2ee286a,25.01.13 10:38,25.01.13 10:55,teilgenommen und beendet,,4,nein,Keine Veränderung,Keine (Umfeld ist gut),nein,,,Bau und Planung,12,,Winterthur
4693039,b50d379,25.01.13 13:25,25.01.13 13:27,teilgenommen und beendet,,3,nein,Keine Veränderung,Preiserosion,nein,,,Grafische Branche,87,,Winterthur
4693171,87bd9a6,25.01.13 13:33,25.01.13 13:35,teilgenommen und beendet,,4,ja,Zunahme,Kostendruck,ja,,,Getränke,110,,Winterthur
4697012,08e6fd6,25.01.13 18:36,25.01.13 18:46,teilgenommen und beendet,,5,ja,Keine Veränderung,Personelle Ressourcen d.h. die richtigen Leute am richtigen Platz,ja,,,Institution für Menschen mit Beeinträchtigung,250 Plätze für Menschen mit Behinderung; 100 Angestellte,ca. 6 Mio.,Winterthur
4698685,e608d61,25.01.13 21:55,25.01.13 21:57,teilgenommen und beendet,,5,nein,Keine Veränderung,Wachsende Konkurrenz; Mithalten im Markt,ja,,,Gastgewerbe,30,,Illnau
4700598,1767d37,26.01.13 10:10,26.01.13 10:12,"teilgenommen, aber noch nicht beendet",,,nein,Reduktion,Aufwertung des Standortes.,nein,,,,,,
4700614,cba578b,26.01.13 10:13,26.01.13 10:29,teilgenommen und beendet,,,nein,Keine Veränderung,"Sicherung der Lehrstellen und der Arbeitsplätze.; Aufwertung des Standortes. Bessere Leitung und Strassenführung des Verkehrs bei der Baustelle Supperblock. ; Besserer Kontakt mit den Instanzen.; ; Bessere Wahrnehmung unseres Unternehmens durch die Stadtverwaltung, die uns bisher kaum Aufträge vergeben hat.",nein,"Die Fussgängerführung inkl. Markierung von der Altstadt aus ist nicht existent. ; ; Das Tourismusmarketing ist einseitig auf die Altstadt und auf die Museen ausgerichtet.; ; Wo steht beim Bahnhof Süd oder sonst in der Altstadt ein Wegweiser ""Sulzerareal""???; ; Für die Fussgängerstreifen an der Zürcherstrasse muss die Grünschaltung dringend verbessert werden.; ; Die Standortförderung hat uns bisher als Pioniere im Sulzerareal weder wahrgenommen noch unterstützt.",,"Blumen, Pflanzen, Wohnkultur",6,noch keine aktuellen Kennzahlen,8400 Winterthur
4701350,35eadbf,26.01.13 11:37,26.01.13 11:40,teilgenommen und beendet,,5,ja,Zunahme,Durchhalten...,nein,,,Vermietung und Verkauf von Dekomaterial,3,,Elgg
4708866,3a1419a,27.01.13 12:21,27.01.13 12:25,teilgenommen und beendet,,5,ja,Zunahme,"Bei Leuten, welche entlassen wurden die Motivation hoch halten! Führungskräfte in den schwierigen Kommunikationen unterstützen und dabei selber den Optimismus beibehalten. Ausbildung einer Berufspraktikantin",nein,,,Schulungen & Coaching & Pers.-Entwicklung,2 Teilzeit,,Winterthur
4711308,ee782a3,27.01.13 16:51,27.01.13 16:53,teilgenommen und beendet,,4,ja,Keine Veränderung,Wetterbedingungen. Wirtschaftslage,nein,,,Gartenunterhalt,1,ca. 110000,Rickenbach ZH
4713002,0f65e4f,27.01.13 19:16,27.01.13 19:18,teilgenommen und beendet,,5,ja,Keine Veränderung,Preisdruck innerhalb der Mitbewerber,nein,,,Versicherung,25,24 Mio,Winterthur
4716365,7ae988b,28.01.13 07:33,28.01.13 07:34,teilgenommen und beendet,,4,ja,Zunahme,Im gesättigten Markt weiter Wachsen; Geografisches Neuland,ja,,,Immoblienbewirtschaftung,70,,Winterthur; Rüti (ZH); Altenrhein (TG)
4716373,ac25c02,28.01.13 07:34,28.01.13 07:37,teilgenommen und beendet,,5,nein,Keine Veränderung,,nein,,,Bauunternehmung,70,,Effretikon
4716857,cc82793,28.01.13 08:39,28.01.13 08:40,teilgenommen und beendet,,4,nein,Keine Veränderung,Regulatorien seitens Finma und eidg. Finanzdepartement.,nein,,,Finanzdienstleistung,9,,Winterthur
4717073,9c65887,28.01.13 08:59,28.01.13 09:00,"teilgenommen, aber noch nicht beendet",,5,ja,Keine Veränderung,,,,,,,,
4717199,3caf976,28.01.13 09:12,28.01.13 09:14,teilgenommen und beendet,,5,nein,Keine Veränderung,Den vorhandenen Markt besser abzuschöpfen.,ja,,,Technische Dienstleistungen,5,"1,5 Mio",Winterthur Töss
4718376,e85303a,28.01.13 10:55,28.01.13 10:57,teilgenommen und beendet,,3,nein,Reduktion,"Preisdruck,; Rückgang des Konsum",ja,,,Konsumgüter,900,,"Luzern, Winterthur"
4718583,55aca33,28.01.13 11:14,28.01.13 11:15,"teilgenommen, aber noch nicht beendet",,5,ja,Keine Veränderung,,nein,,,,,,
4718804,da7b3f3,28.01.13 11:37,28.01.13 11:40,teilgenommen und beendet,,4,ja,Keine Veränderung,"Umsatz halten, neue Kunden generieren.",nein,,,2-Rad,1,,Zell
4719839,e68f55c,28.01.13 13:05,28.01.13 13:08,teilgenommen und beendet,,6,nein,Keine Veränderung,- Rekrutierung qualifizierter Mitarbeiter; - Nachhaltige Akquisition; - Kontinuität Umsatz/Ertrag,nein,,,Architektur,14,-,Winterthur
4721040,0dfbdfb,28.01.13 14:19,28.01.13 14:22,teilgenommen und beendet,,3,nein,Keine Veränderung,"Die Euroschwäche oder Frankenstärke, da wir ein exportorientiertes Unternehmen sind. Ferner wird es immer schwieriger qualifizierte Werkstattmitarbeiter (ANAP's) zu finden. Diese müssen wir selber ausbilden.",nein,,,Anlage- und Apparatebau,75,,Elgg
4721497,b925c6f,28.01.13 14:52,28.01.13 14:54,teilgenommen und beendet,,1,nein,Reduktion,Den Umsatz halten oder nicht zuviel verlieren.,nein,,,Detaillhandel,21,2100000,Wiesendangen
4721524,3298d10,28.01.13 14:54,28.01.13 14:57,teilgenommen und beendet,,4,ja,Keine Veränderung,"An Aufträge zu kommen, was teilweise erschwert wird durch neu auf dem Markt auftretende neue Mitbewerber (Boombranche kur vor der Wende?)",nein,,,Immobilienhandel,1,,Seuzach
4727792,8276c40,28.01.13 21:43,28.01.13 21:46,teilgenommen und beendet,,4,ja,Zunahme,Entwicklung der Automobilindustrie. EURO-CHF-Kurs.,nein,,,Industrie,500,,Winterthur
4730624,2a73aa5,29.01.13 09:12,29.01.13 09:13,teilgenommen und beendet,,4,nein,Keine Veränderung,Zinsentwicklung/Wohnsituation/,nein,,,Versicherung,23,30 Mio,Winterthur
4730901,44b4785,29.01.13 09:47,29.01.13 09:48,"teilgenommen, aber noch nicht beendet",,4,ja,Zunahme,,nein,,,,,,
4736609,c2758ca,29.01.13 17:24,29.01.13 17:27,teilgenommen und beendet,,6,ja,Zunahme,gewerblich nutzbare Areale für Werkhof zu finden; Preisdruck bei Offerten,nein,,,Gartenbau,5,,8404 Winterthur
4737466,eb1f884,29.01.13 18:27,29.01.13 18:29,teilgenommen und beendet,,4,ja,Keine Veränderung,Eine gute und regelmässige Auslastung unserer Mitarbeiter,nein,,,IT & Internet,22,,Winterthur
4741962,4aa9b48,30.01.13 07:14,30.01.13 07:16,teilgenommen und beendet,,5,ja,Keine Veränderung,- Lieferfristen einzuhalten auf stark nachgefragten Fahrzeugen.; - Gesamtheitliche Auslastung,nein,,,Autogewerbe,8,5000000,Winterthur
4753309,fd20799,31.01.13 06:08,31.01.13 06:10,teilgenommen und beendet,,6,ja,Zunahme,Geeignetes Personal zu finden.; arbeitsspitzen im Sommer zu bewältigen.,nein,,,Elektroinstallationen,40,7`000`000.00,Winterthur
4753496,b07603a,31.01.13 07:24,31.01.13 07:34,teilgenommen und beendet,,5,nein,Zunahme,- flaue Konjunktur; - harter Konkurrenzkampf im Elektroinstallationsgewerbe,nein,,,Elektroinstallationen,15,,Winterthur
4766987,ac172ab,01.02.13 12:04,01.02.13 12:05,teilgenommen und beendet,,5,nein,Keine Veränderung,Kurze Reaktionsfristen,nein,,,Public Relations,4,,Winterthur
4770405,db4874b,01.02.13 16:17,01.02.13 16:20,teilgenommen und beendet,,5,nein,Keine Veränderung,"Die Veränderungen im Markt und neue Marktteilnehmer, sowie der Druck von Anbietern aus der EU",ja,,,Bauhandel,80,40 Mio.,5 Standorte auf Stadtgebiet
4804390,9d9411f,04.02.13 20:54,04.02.13 20:59,teilgenommen und beendet,,5,nein,Keine Veränderung,Personalrekrutierung,nein,Zur Zeit sehr gute Auslastung im Bauingenieurwesen. Öffentlicher Bau ist zur Zeit sehr aktiv.,,Bauingenieure Hoch- und Tiefbau,12,,Winterthur
4809331,25ee10c,05.02.13 07:58,05.02.13 08:01,teilgenommen und beendet,,4,ja,Keine Veränderung,Mitbewerbersituation ist halsbrecherisch,nein,Abwarten mit grösseren investitionen zb. Bauvorhaben,,Handel und Dienstl.,15,5 Mio,Fehraltorf
4821070,b5b6008,05.02.13 22:40,05.02.13 23:06,teilgenommen und beendet,,4,ja,Keine Veränderung,Unsere (meine) Dienstleistung bekanntzumachen und die Kundenbasis zu verbreitern.,nein,,,Unternehmensnahe Dienstleistung,1 fest plus Netzwerk nach Bedarf,"0,2 Mio CHF",Winterthur
4824219,5d15372,06.02.13 11:07,06.02.13 11:09,teilgenommen und beendet,,2,nein,Reduktion,generierung neuer aufträge,nein,,,Architektur,11,CHF 1.5 Mio.,Winterthur
4836529,0eb4f19,07.02.13 10:24,07.02.13 10:27,teilgenommen und beendet,,4,nein,Reduktion,"Geeignete Mitarbeiter einstellen zu können, leider sind viel zu wenig Fachkräfte auf dem Markt",nein,,,Nutzfahrzeug-Garage,10,,Winterthur
